<?xml version = '1.0' encoding = 'UTF-8'?>
<Diagram class="oracle.dbtools.crest.swingui.relational.DPVRelational" name="Relational_1" id="38BB0410-1817-6FF6-AAAD-221A6B2EFB34">
<createdBy>swimm</createdBy>
<modifiedBy>swimm</modifiedBy>
<createdTime>2022-11-06 14:26:11 UTC</createdTime>
<autoRoute>false</autoRoute>
<boxInbox>true</boxInbox>
<showLegend>false</showLegend>
<showLabels>false</showLabels>
<showRelAttributes>false</showRelAttributes>
<gridEnabled>false</gridEnabled>
<showGrid>false</showGrid>
<diagramColor>-1</diagramColor>
<display>false</display>
<notation>1</notation>
<objectViews>
<OView class="oracle.dbtools.crest.swingui.relational.TVTable" oid="2664F960-14A9-7916-C6D5-BC009F8B226C" otype="Table" vid="8854824B-C81F-FEA0-71F5-625FC068C490">
<hideElementsInCurrentOnly>false</hideElementsInCurrentOnly>
<bounds x="434" y="175" width="170" height="110"/>
</OView>
<OView class="oracle.dbtools.crest.swingui.relational.TVTable" oid="51C4621F-BF5F-650E-C737-0E875C7F76E7" otype="Table" vid="F5AD1EB9-11B7-F12A-18D5-EFDB5ABC70FD">
<hideElementsInCurrentOnly>false</hideElementsInCurrentOnly>
<bounds x="50" y="25" width="161" height="210"/>
</OView>
<OView class="oracle.dbtools.crest.swingui.relational.TVTable" oid="9D05FAB4-8997-8E56-A1B1-2F25DBEEE811" otype="Table" vid="7EF8C60B-E109-D74A-B8E3-AD4932546D79">
<hideElementsInCurrentOnly>false</hideElementsInCurrentOnly>
<bounds x="49" y="278" width="170" height="110"/>
</OView>
</objectViews>
</Diagram>