<?xml version = '1.0' encoding = 'UTF-8'?>
<relationalModel class="oracle.dbtools.crest.model.design.relational.RelationalDesign" name="Relational_1" id="61AEECC2-C927-F9CF-C0D3-2C64A23EE184" mainViewID="38BB0410-1817-6FF6-AAAD-221A6B2EFB34">
<createdBy>swimm</createdBy>
<createdTime>2022-11-06 14:25:28 UTC</createdTime>
<ownerDesignName>dbBotacurapp</ownerDesignName>
<shouldBeOpen>false</shouldBeOpen>
<selectedRDBMSSite>32076570-2523-435C-2E92-BF29817DFF70</selectedRDBMSSite>
</relationalModel>