<?xml version = '1.0' encoding = 'UTF-8'?>
<Table class="oracle.dbtools.crest.model.design.relational.Table" directorySegmentName="seg_0" id="2664F960-14A9-7916-C6D5-BC009F8B226C" name="migrations">
<createdBy>swimm</createdBy>
<createdTime>2022-11-06 14:35:46 UTC</createdTime>
<ownerDesignName>dbBotacurapp</ownerDesignName>
<ordsAlias>table_3</ordsAlias>
<allowColumnReorder>false</allowColumnReorder>
<existDependencyGenerateInDDl>true</existDependencyGenerateInDDl>
<parsed>true</parsed>
<columns itemClass="oracle.dbtools.crest.model.design.relational.Column">
<Column name="id" id="5006B7A7-E8CD-3A4E-62B5-C974AF35EABB">
<createdBy>swimm</createdBy>
<createdTime>2022-11-06 14:37:00 UTC</createdTime>
<ownerDesignName>dbBotacurapp</ownerDesignName>
<useDomainConstraints>false</useDomainConstraints>
<use>1</use>
<logicalDatatype>LOGDT027</logicalDatatype>
<ownDataTypeParameters>,,</ownDataTypeParameters>
<autoIncrementCycle>false</autoIncrementCycle>
</Column>
<Column name="migrations" id="D9EB2F00-1273-D74E-6505-C06900029CF1">
<createdBy>swimm</createdBy>
<createdTime>2022-11-06 14:37:19 UTC</createdTime>
<ownerDesignName>dbBotacurapp</ownerDesignName>
<nullsAllowed>true</nullsAllowed>
<useDomainConstraints>false</useDomainConstraints>
<use>1</use>
<logicalDatatype>LOGDT024</logicalDatatype>
<dataTypeSize>255</dataTypeSize>
<ownDataTypeParameters>255,,</ownDataTypeParameters>
<autoIncrementCycle>false</autoIncrementCycle>
</Column>
<Column name="bach" id="0872DF2C-D831-1C4F-3C80-FCBB76E9F35D">
<createdBy>swimm</createdBy>
<createdTime>2022-11-06 14:37:40 UTC</createdTime>
<ownerDesignName>dbBotacurapp</ownerDesignName>
<nullsAllowed>true</nullsAllowed>
<useDomainConstraints>false</useDomainConstraints>
<use>1</use>
<logicalDatatype>LOGDT027</logicalDatatype>
<ownDataTypeParameters>,,</ownDataTypeParameters>
<autoIncrementCycle>false</autoIncrementCycle>
</Column>
</columns>
<indexes itemClass="oracle.dbtools.crest.model.design.relational.Index">
<ind_PK_UK id="B4454C08-F2FC-EE2F-5305-E692F39D6914" name="migrations_PK">
<createdBy>swimm</createdBy>
<createdTime>2022-11-06 14:37:00 UTC</createdTime>
<ownerDesignName>dbBotacurapp</ownerDesignName>
<pk>true</pk>
<indexState>Primary Constraint</indexState>
<isSurrogateKey>false</isSurrogateKey>
<indexColumnUsage>
<colUsage columnID="5006B7A7-E8CD-3A4E-62B5-C974AF35EABB"/>
</indexColumnUsage>
</ind_PK_UK>
</indexes>
</Table>