<?xml version = '1.0' encoding = 'UTF-8'?>
<Table class="oracle.dbtools.crest.model.design.relational.Table" directorySegmentName="seg_0" id="9D05FAB4-8997-8E56-A1B1-2F25DBEEE811" name="password_reset">
<createdBy>swimm</createdBy>
<createdTime>2022-11-06 14:33:20 UTC</createdTime>
<ownerDesignName>dbBotacurapp</ownerDesignName>
<ordsAlias>table_2</ordsAlias>
<allowColumnReorder>false</allowColumnReorder>
<existDependencyGenerateInDDl>true</existDependencyGenerateInDDl>
<parsed>true</parsed>
<columns itemClass="oracle.dbtools.crest.model.design.relational.Column">
<Column name="email" id="4207BB30-7608-AFA1-1275-A25E0DAE5714">
<createdBy>swimm</createdBy>
<createdTime>2022-11-06 14:33:49 UTC</createdTime>
<ownerDesignName>dbBotacurapp</ownerDesignName>
<useDomainConstraints>false</useDomainConstraints>
<use>1</use>
<logicalDatatype>LOGDT024</logicalDatatype>
<dataTypeSize>255 BYTE</dataTypeSize>
<ownDataTypeParameters>255 BYTE,,</ownDataTypeParameters>
<autoIncrementCycle>false</autoIncrementCycle>
</Column>
<Column name="token" id="088152D4-91F6-00A2-7729-22E3690FDE15">
<createdBy>swimm</createdBy>
<createdTime>2022-11-06 14:35:09 UTC</createdTime>
<ownerDesignName>dbBotacurapp</ownerDesignName>
<nullsAllowed>true</nullsAllowed>
<useDomainConstraints>false</useDomainConstraints>
<use>1</use>
<logicalDatatype>LOGDT024</logicalDatatype>
<dataTypeSize>255 BYTE</dataTypeSize>
<ownDataTypeParameters>255 BYTE,,</ownDataTypeParameters>
<autoIncrementCycle>false</autoIncrementCycle>
</Column>
<Column name="created_at" id="C736BA80-0311-9783-5ECE-6CC24BFEA3D1">
<createdBy>swimm</createdBy>
<createdTime>2022-11-06 14:35:29 UTC</createdTime>
<ownerDesignName>dbBotacurapp</ownerDesignName>
<nullsAllowed>true</nullsAllowed>
<useDomainConstraints>false</useDomainConstraints>
<use>1</use>
<logicalDatatype>LOGDT015</logicalDatatype>
<ownDataTypeParameters>,,</ownDataTypeParameters>
<autoIncrementCycle>false</autoIncrementCycle>
</Column>
</columns>
<indexes itemClass="oracle.dbtools.crest.model.design.relational.Index">
<ind_PK_UK id="1B937AAD-BF1B-D055-14E5-FC124B81BCAA" name="password_reset_PK">
<createdBy>swimm</createdBy>
<createdTime>2022-11-06 14:35:37 UTC</createdTime>
<ownerDesignName>dbBotacurapp</ownerDesignName>
<pk>true</pk>
<indexState>Primary Constraint</indexState>
<isSurrogateKey>false</isSurrogateKey>
<indexColumnUsage>
<colUsage columnID="4207BB30-7608-AFA1-1275-A25E0DAE5714"/>
</indexColumnUsage>
</ind_PK_UK>
</indexes>
</Table>